<?xml version="1.0" encoding="UTF-8"?>
<!DOCTYPE QtCreatorCodeStyle>
<!-- Written by QtCreator 3.6.1, 2016-05-19T14:46:43. -->
<qtcreator>
 <data>
  <variable>CodeStyleData</variable>
  <valuemap type="QVariantMap">
   <value type="bool" key="AlignAssignments">true</value>
   <value type="bool" key="AutoSpacesForTabs">false</value>
   <value type="bool" key="BindStarToIdentifier">false</value>
   <value type="bool" key="BindStarToLeftSpecifier">true</value>
   <value type="bool" key="BindStarToRightSpecifier">false</value>
   <value type="bool" key="BindStarToTypeName">true</value>
   <value type="bool" key="ExtraPaddingForConditionsIfConfusingAlign">true</value>
   <value type="bool" key="IndentAccessSpecifiers">false</value>
   <value type="bool" key="IndentBlockBody">true</value>
   <value type="bool" key="IndentBlockBraces">false</value>
   <value type="bool" key="IndentBlocksRelativeToSwitchLabels">true</value>
   <value type="bool" key="IndentClassBraces">false</value>
   <value type="bool" key="IndentControlFlowRelativeToSwitchLabels">true</value>
   <value type="bool" key="IndentDeclarationsRelativeToAccessSpecifiers">true</value>
   <value type="bool" key="IndentEnumBraces">false</value>
   <value type="bool" key="IndentFunctionBody">true</value>
   <value type="bool" key="IndentFunctionBraces">false</value>
   <value type="bool" key="IndentNamespaceBody">true</value>
   <value type="bool" key="IndentNamespaceBraces">false</value>
   <value type="int" key="IndentSize">2</value>
   <value type="bool" key="IndentStatementsRelativeToSwitchLabels">true</value>
   <value type="bool" key="IndentSwitchLabels">true</value>
   <value type="int" key="PaddingMode">2</value>
   <value type="bool" key="SpacesForTabs">true</value>
   <value type="int" key="TabSize">2</value>
  </valuemap>
 </data>
 <data>
  <variable>DisplayName</variable>
  <value type="QString">occt</value>
 </data>
</qtcreator>
